time_s,ecg_mv
0.0,-0.00161
0.004,-0.02258
0.008,-0.00614
0.012,0.00839
0.016,-0.00358
0.02,0.00992
0.024,-0.00826
0.028,0.00254
0.032,0.00339
0.036,0.00855
0.04,-0.00511
0.044,0.00286
0.048,0.01827
0.052,0.01225
0.056,0.00607
0.06,-0.00638
0.064,0.02027
0.068,0.02779
0.072,-0.00244
0.076,0.0189
0.08,0.01319
0.084,0.0061
0.088,0.01159
0.092,0.0186
0.096,-0.00747
0.1,0.01814
0.104,0.0296
0.108,-0.01017
0.112,0.00978
0.116,0.00098
0.12,0.02176
0.124,0.0167
0.128,0.0112
0.132,0.01809
0.136,0.02487
0.14,-0.0063
0.144,0.02012
0.148,0.02403
0.152,-0.00052
0.156,0.00669
0.16,0.01998
0.164,0.00721
0.168,0.04786
0.172,0.00628
0.176,0.00661
0.18,0.02501
0.184,0.01252
0.188,0.02556
0.192,0.00784
0.196,0.02842
0.2,0.01482
0.204,0.03209
0.208,0.02757
0.212,0.01139
0.216,0.00248
0.22,0.01774
0.224,0.02933
0.228,0.03882
0.232,0.03575
0.236,0.01168
0.24,0.01732
0.244,0.0134
0.248,0.03142
0.252,0.02687
0.256,0.00872
0.26,0.01797
0.264,0.01193
0.268,0.00994
0.272,0.01657
0.276,0.02402
0.28,0.03536
0.284,0.04833
0.288,0.01293
0.292,0.02091
0.296,0.03516
0.3,0.02447
0.304,0.02062
0.308,0.02588
0.312,0.02223
0.316,0.02513
0.32,0.03456
0.324,0.03434
0.328,0.02808
0.332,0.07064
0.336,0.02054
0.34,0.02611
0.344,0.0378
0.348,0.02393
0.352,0.03394
0.356,0.03527
0.36,0.04026
0.364,0.0401
0.368,0.02785
0.372,0.02801
0.376,0.0323
0.38,0.03329
0.384,0.02133
0.388,0.03708
0.392,0.03266
0.396,0.06085
0.4,0.04671
0.404,0.07376
0.408,0.04776
0.412,0.08061
0.416,0.07072
0.42,0.07493
0.424,0.09318
0.428,0.11201
0.432,0.10843
0.436,0.12323
0.44,0.11712
0.444,0.13349
0.448,0.10739
0.452,0.08021
0.456,0.10653
0.46,0.07439
0.464,0.08953
0.468,0.07538
0.472,0.06768
0.476,0.04711
0.48,0.0578
0.484,0.04795
0.488,0.06153
0.492,0.05162
0.496,0.05245
0.5,0.00931
0.504,0.01938
0.508,0.03353
0.512,0.04136
0.516,0.03389
0.52,0.05619
0.524,0.02761
0.528,0.05037
0.532,0.05886
0.536,0.03521
0.54,0.06956
0.544,0.03602
0.548,0.03938
0.552,0.02586
0.556,0.05221
0.56,0.04975
0.564,0.03056
0.568,-0.02345
0.572,-0.0166
0.576,-0.02934
0.58,-0.01878
0.584,0.15319
0.588,0.39536
0.592,0.74452
0.596,1.09876
0.6,1.21908
0.604,1.03699
0.608,0.68946
0.612,0.28516
0.616,0.02237
0.62,-0.14927
0.624,-0.17311
0.628,-0.16235
0.632,-0.11421
0.636,-0.05121
0.64,-0.024
0.644,0.01906
0.648,0.03051
0.652,0.06369
0.656,0.06317
0.66,0.07729
0.664,0.05176
0.668,0.05317
0.672,0.045
0.676,0.05909
0.68,0.04793
0.684,0.06287
0.688,0.04473
0.692,0.08324
0.696,0.07324
0.7,0.06947
0.704,0.0686
0.708,0.09793
0.712,0.10853
0.716,0.13207
0.72,0.13459
0.724,0.18739
0.728,0.1722
0.732,0.22095
0.736,0.21612
0.74,0.24363
0.744,0.2414
0.748,0.28263
0.752,0.31676
0.756,0.31489
0.76,0.3505
0.764,0.34458
0.768,0.3475
0.772,0.34949
0.776,0.34514
0.78,0.3458
0.784,0.31624
0.788,0.29165
0.792,0.30865
0.796,0.26855
0.8,0.23736
0.804,0.21708
0.808,0.20533
0.812,0.17069
0.816,0.16951
0.82,0.12827
0.824,0.12401
0.828,0.09267
0.832,0.10177
0.836,0.08752
0.84,0.08425
0.844,0.06256
0.848,0.0511
0.852,0.05818
0.856,0.04554
0.86,0.06235
0.864,0.06683
0.868,0.04684
0.872,0.02886
0.876,0.04596
0.88,0.07059
0.884,0.04376
0.888,0.05748
0.892,0.05518
0.896,0.05273
0.9,0.06164
0.904,0.03845
0.908,0.0467
0.912,0.05253
0.916,0.02995
0.92,0.04277
0.924,0.04794
0.928,0.05489
0.932,0.03781
0.936,0.05353
0.94,0.0326
0.944,0.03782
0.948,0.0515
0.952,0.0479
0.956,0.05961
0.96,0.03875
0.964,0.05843
0.968,0.06331
0.972,0.05352
0.976,0.03549
0.98,0.05236
0.984,0.0541
0.988,0.0534
0.992,0.02704
0.996,0.04144
1.0,0.05564
1.004,0.03615
1.008,0.04205
1.012,0.04803
1.016,0.06088
1.02,0.06285
1.024,0.04929
1.028,0.03479
1.032,0.04488
1.036,0.04347
1.04,0.06143
1.044,0.02686
1.048,0.0575
1.052,0.04109
1.056,0.03473
1.06,0.05182
1.064,0.06145
1.068,0.05339
1.072,0.05218
1.076,0.05788
1.08,0.07093
1.084,0.04219
1.088,0.04607
1.092,0.0412
1.096,0.05361
1.1,0.04476
1.104,0.02942
1.108,0.0619
1.112,0.03103
1.116,0.0793
1.12,0.02983
1.124,0.05743
1.128,0.07459
1.132,0.06962
1.136,0.09116
1.14,0.09452
1.144,0.07734
1.148,0.11091
1.152,0.13475
1.156,0.11912
1.16,0.11432
1.164,0.12298
1.168,0.11317
1.172,0.12965
1.176,0.106
1.18,0.11869
1.184,0.08074
1.188,0.0674
1.192,0.06339
1.196,0.04956
1.2,0.09724
1.204,0.04673
1.208,0.03577
1.212,0.0655
1.216,0.04386
1.22,0.02055
1.224,0.02124
1.228,0.02064
1.232,0.03598
1.236,0.03754
1.24,0.04751
1.244,0.04162
1.248,0.03438
1.252,0.05579
1.256,0.06157
1.26,0.01311
1.264,0.02755
1.268,0.05194
1.272,0.02016
1.276,0.03106
1.28,0.03811
1.284,0.02821
1.288,-0.00024
1.292,0.00657
1.296,-0.03631
1.3,-0.05604
1.304,-0.00364
1.308,0.18003
1.312,0.45424
1.316,0.84295
1.32,1.14504
1.324,1.19906
1.328,0.94727
1.332,0.54611
1.336,0.16215
1.34,-0.08671
1.344,-0.18916
1.348,-0.18396
1.352,-0.16276
1.356,-0.09823
1.36,-0.04638
1.364,-0.02395
1.368,-0.01345
1.372,0.02678
1.376,0.01753
1.38,0.04137
1.384,0.03446
1.388,0.02717
1.392,0.01801
1.396,0.02911
1.4,0.03084
1.404,0.02212
1.408,0.03889
1.412,0.0495
1.416,0.04732
1.42,0.04039
1.424,0.05764
1.428,0.08704
1.432,0.07299
1.436,0.09398
1.44,0.11311
1.444,0.09906
1.448,0.15295
1.452,0.1679
1.456,0.17406
1.46,0.20027
1.464,0.21419
1.468,0.25834
1.472,0.28061
1.476,0.26773
1.48,0.28159
1.484,0.3085
1.488,0.28427
1.492,0.30362
1.496,0.29689
1.5,0.2915
1.504,0.30874
1.508,0.28604
1.512,0.24106
1.516,0.27457
1.52,0.20338
1.524,0.18624
1.528,0.15848
1.532,0.16522
1.536,0.14258
1.54,0.11486
1.544,0.08503
1.548,0.07741
1.552,0.05244
1.556,0.07639
1.56,0.06532
1.564,0.01405
1.568,0.05557
1.572,0.02344
1.576,0.02958
1.58,0.02463
1.584,0.04059
1.588,0.01034
1.592,0.00777
1.596,-0.00657
1.6,0.01942
1.604,-0.00991
1.608,0.00101
1.612,-0.02444
1.616,-0.00569
1.62,0.00799
1.624,0.01825
1.628,0.01557
1.632,-0.00184
1.636,0.019
1.64,-0.00643
1.644,-0.00727
1.648,0.00686
1.652,0.00711
1.656,-0.01382
1.66,-0.0095
1.664,0.00252
1.668,-0.00548
1.672,-0.01274
1.676,-0.00721
1.68,-0.01519
1.684,-0.00267
1.688,-0.00806
1.692,-0.00878
1.696,0.03202
1.7,0.0075
1.704,0.0137
1.708,-0.01409
1.712,-0.00744
1.716,0.01518
1.72,-0.00519
1.724,-0.01642
1.728,-0.01524
1.732,-7e-05
1.736,-0.00079
1.74,0.01188
1.744,0.0004
1.748,-0.00998
1.752,-0.01868
1.756,-0.01047
1.76,0.00192
1.764,0.00272
1.768,0.00369
1.772,-0.00114
1.776,-0.02474
1.78,-0.02079
1.784,-0.00619
1.788,-0.00235
1.792,-0.01036
1.796,-0.03115
1.8,-0.02622
1.804,-0.01038
1.808,-0.0186
1.812,-0.02472
1.816,-0.00413
1.82,-0.0148
1.824,-0.01176
1.828,-0.02163
1.832,-0.02542
1.836,0.00267
1.84,-0.00246
1.844,-0.03351
1.848,-0.00027
1.852,0.01853
1.856,-0.03401
1.86,0.01631
1.864,0.02148
1.868,0.02497
1.872,0.05412
1.876,0.03965
1.88,0.03806
1.884,0.05428
1.888,0.07964
1.892,0.08393
1.896,0.06357
1.9,0.0561
1.904,0.05726
1.908,0.01381
1.912,0.02918
1.916,0.02626
1.92,-0.00226
1.924,-0.00558
1.928,-0.00162
1.932,-0.00341
1.936,-0.02136
1.94,-0.02302
1.944,-0.02954
1.948,-0.03444
1.952,-0.03427
1.956,-0.03946
1.96,-0.01833
1.964,-0.03806
1.968,-0.03919
1.972,-0.01468
1.976,-0.03368
1.98,-0.02028
1.984,-0.0157
1.988,-0.03346
1.992,-0.03769
1.996,-0.01692
2.0,-0.02053
2.004,-0.03982
2.008,-0.03813
2.012,-0.05255
2.016,-0.06677
2.02,-0.09901
2.024,-0.12585
2.028,-0.08988
2.032,-0.00127
2.036,0.2405
2.04,0.55211
2.044,0.92195
2.048,1.13517
2.052,1.04366
2.056,0.72903
2.06,0.32409
2.064,-0.01481
2.068,-0.21328
2.072,-0.2762
2.076,-0.26883
2.08,-0.20599
2.084,-0.16486
2.088,-0.09004
2.092,-0.05595
2.096,-0.03921
2.1,-0.04992
2.104,-0.03444
2.108,-0.02122
2.112,-0.01617
2.116,-0.04436
2.12,-0.02809
2.124,-0.03217
2.128,-0.05329
2.132,-0.01446
2.136,-0.03682
2.14,-0.00344
2.144,-0.02013
2.148,-0.00885
2.152,0.003
2.156,-0.00519
2.16,0.00865
2.164,0.03568
2.168,0.07087
2.172,0.05061
2.176,0.08527
2.18,0.10486
2.184,0.13495
2.188,0.16349
2.192,0.16451
2.196,0.15921
2.2,0.19785
2.204,0.20735
2.208,0.22965
2.212,0.25373
2.216,0.24174
2.22,0.26275
2.224,0.26369
2.228,0.24873
2.232,0.24441
2.236,0.23463
2.24,0.20147
2.244,0.17525
2.248,0.12585
2.252,0.13564
2.256,0.11432
2.26,0.077
2.264,0.07373
2.268,0.03979
2.272,0.0315
2.276,0.01748
2.28,-0.00291
2.284,0.0148
2.288,-0.02561
2.292,-0.03474
2.296,-0.03108
2.3,-0.0172
2.304,-0.03958
2.308,-0.03689
2.312,-0.03375
2.316,-0.04888
2.32,-0.04616
2.324,-0.04687
2.328,-0.05043
2.332,-0.0361
2.336,-0.07096
2.34,-0.03363
2.344,-0.0517
2.348,-0.05765
2.352,-0.04684
2.356,-0.06135
2.36,-0.06323
2.364,-0.04607
2.368,-0.05517
2.372,-0.05403
2.376,-0.06416
2.38,-0.03133
2.384,-0.03677
2.388,-0.04468
2.392,-0.06014
2.396,-0.05133
2.4,-0.03731
2.404,-0.01987
2.408,-0.03229
2.412,-0.06485
2.416,-0.07712
2.42,-0.05523
2.424,-0.02647
2.428,-0.04318
2.432,-0.04362
2.436,-0.06441
2.44,-0.04081
2.444,-0.05795
2.448,-0.05787
2.452,-0.03047
2.456,-0.06154
2.46,-0.04698
2.464,-0.03876
2.468,-0.05721
2.472,-0.04153
2.476,-0.05438
2.48,-0.04529
2.484,-0.01454
2.488,-0.0357
2.492,-0.04203
2.496,-0.03848
2.5,-0.05515
2.504,-0.04331
2.508,-0.0489
2.512,-0.05765
2.516,-0.04199
2.52,-0.04526
2.524,-0.05447
2.528,-0.05654
2.532,-0.04221
2.536,-0.05338
2.54,-0.06852
2.544,-0.05244
2.548,-0.03405
2.552,-0.03873
2.556,-0.05527
2.56,-0.0369
2.564,-0.03573
2.568,-0.01321
2.572,-0.02671
2.576,-0.01604
2.58,-0.03285
2.584,-0.00384
2.588,0.02694
2.592,0.00578
2.596,0.01396
2.6,0.05085
2.604,0.03378
2.608,0.03147
2.612,0.02395
2.616,0.0205
2.62,0.01581
2.624,0.00151
2.628,0.00871
2.632,-0.01061
2.636,-0.02566
2.64,-0.01797
2.644,-0.02289
2.648,-0.02938
2.652,-0.04484
2.656,-0.04008
2.66,-0.05533
2.664,-0.02652
2.668,-0.00807
2.672,-0.03945
2.676,-0.0397
2.68,-0.05428
2.684,-0.04579
2.688,-0.06083
2.692,-0.05797
2.696,-0.05654
2.7,-0.03633
2.704,-0.07244
2.708,-0.03655
2.712,-0.04095
2.716,-0.02496
2.72,-0.08119
2.724,-0.05158
2.728,-0.05828
2.732,-0.08891
2.736,-0.10157
2.74,-0.11762
2.744,-0.1058
2.748,-0.00029
2.752,0.24787
2.756,0.55847
2.76,0.94303
2.764,1.11397
2.768,1.03027
2.772,0.65305
2.776,0.28924
2.78,-0.0392
2.784,-0.2166
2.788,-0.25002
2.792,-0.2665
2.796,-0.20047
2.8,-0.15137
2.804,-0.09108
2.808,-0.0897
2.812,-0.03936
2.816,-0.05962
2.82,-0.04364
2.824,-0.04939
2.828,-0.04531
2.832,-0.04042
2.836,-0.02634
2.84,-0.03422
2.844,-0.02664
2.848,-0.02343
2.852,-0.00555
2.856,-0.02303
2.86,-0.02047
2.864,-0.00236
2.868,0.00504
2.872,0.02214
2.876,0.03386
2.88,0.03193
2.884,0.05288
2.888,0.06647
2.892,0.07462
2.896,0.10157
2.9,0.13203
2.904,0.14856
2.908,0.18424
2.912,0.20187
2.916,0.20233
2.92,0.23548
2.924,0.24855
2.928,0.26809
2.932,0.2738
2.936,0.24916
2.94,0.28661
2.944,0.23664
2.948,0.25059
2.952,0.21835
2.956,0.20557
2.96,0.18795
2.964,0.1857
2.968,0.14332
2.972,0.13962
2.976,0.10679
2.98,0.08064
2.984,0.07036
2.988,0.04727
2.992,0.05614
2.996,-0.0083
3.0,0.0143
3.004,-0.02157
3.008,-0.0103
3.012,-0.01777
3.016,0.00818
3.02,-0.02011
3.024,-0.02862
3.028,0.00242
3.032,-0.01099
3.036,-0.02458
3.04,-0.03397
3.044,-0.02178
3.048,-0.02598
3.052,-0.01751
3.056,0.00651
3.06,-0.04718
3.064,-0.0224
3.068,-0.0309
3.072,0.01022
3.076,-0.0451
3.08,-0.01225
3.084,-0.00753
3.088,-0.01333
3.092,-0.02903
3.096,-0.02958
3.1,-0.01069
3.104,-0.03835
3.108,-0.03628
3.112,-0.01607
3.116,-0.01788
3.12,-0.02661
3.124,-0.03469
3.128,-0.00711
3.132,-0.02935
3.136,0.0063
3.14,-0.02739
3.144,-0.00062
3.148,-0.02222
3.152,-0.0154
3.156,-0.02892
3.16,-0.01914
3.164,-0.0028
3.168,-0.02007
3.172,-0.01139
3.176,-0.02543
3.18,-0.01346
3.184,-0.01129
3.188,-0.0185
3.192,-0.02461
3.196,0.00444
3.2,0.01034
3.204,-0.00901
3.208,-0.00342
3.212,-0.00208
3.216,-0.01355
3.22,-0.00471
3.224,-0.02812
3.228,0.00252
3.232,0.00267
3.236,-0.00936
3.24,-0.01138
3.244,-0.00619
3.248,-0.02104
3.252,-0.01337
3.256,-0.00427
3.26,0.02382
3.264,-0.01407
3.268,0.00323
3.272,0.01082
3.276,0.02291
3.28,0.02003
3.284,0.02507
3.288,0.04296
3.292,0.02165
3.296,0.05491
3.3,0.04897
3.304,0.07779
3.308,0.08069
3.312,0.06983
3.316,0.09998
3.32,0.09416
3.324,0.07308
3.328,0.04672
3.332,0.06597
3.336,0.06366
3.34,0.00721
3.344,0.04092
3.348,0.01012
3.352,0.01723
3.356,0.04657
3.36,0.03172
3.364,-0.00687
3.368,-0.00358
3.372,0.01583
3.376,0.02236
3.38,-0.00338
3.384,0.01502
3.388,0.00907
3.392,0.00601
3.396,0.00812
3.4,-0.00719
3.404,0.01443
3.408,-0.00229
3.412,0.01704
3.416,0.00169
3.42,0.00659
3.424,0.02031
3.428,-0.0039
3.432,-0.01172
3.436,-0.00894
3.44,-0.03548
3.444,-0.04182
3.448,-0.06633
3.452,-0.07884
3.456,-0.01076
3.46,0.12348
3.464,0.43252
3.468,0.79979
3.472,1.10903
3.476,1.18141
3.48,0.96511
3.484,0.5727
3.488,0.1978
3.492,-0.07685
3.496,-0.21319
3.5,-0.20713
3.504,-0.16749
3.508,-0.12911
3.512,-0.06012
3.516,-0.00761
3.52,-0.00357
3.524,0.00647
3.528,0.02879
3.532,0.0378
3.536,0.01805
3.54,0.02626
3.544,-0.00067
3.548,0.00902
3.552,0.03096
3.556,0.02873
3.56,0.02428
3.564,0.0183
3.568,0.05476
3.572,0.05049
3.576,0.04051
3.58,0.0535
3.584,0.05429
3.588,0.06647
3.592,0.07761
3.596,0.10911
3.6,0.12813
3.604,0.14636
3.608,0.19234
3.612,0.21047
3.616,0.23567
3.62,0.25162
3.624,0.26424
3.628,0.29447
3.632,0.29732
3.636,0.31725
3.64,0.33882
3.644,0.32845
3.648,0.32314
3.652,0.32187
3.656,0.303
3.66,0.3081
3.664,0.26194
3.668,0.28484
3.672,0.2348
3.676,0.19287
3.68,0.18881
3.684,0.17167
3.688,0.14871
3.692,0.14655
3.696,0.11439
3.7,0.08446
3.704,0.09759
3.708,0.05626
3.712,0.0871
3.716,0.05932
3.72,0.03479
3.724,0.04961
3.728,0.0621
3.732,0.06096
3.736,0.04406
3.74,0.04712
3.744,0.02509
3.748,0.04751
3.752,0.03238
3.756,0.01707
3.76,0.0264
3.764,0.05368
3.768,0.03543
3.772,0.03572
3.776,0.04529
3.78,0.03951
3.784,0.06892
3.788,0.02492
3.792,0.02984
3.796,0.02459
3.8,0.0329
3.804,0.02898
3.808,0.04846
3.812,0.0548
3.816,0.04449
3.82,0.06339
3.824,0.03375
3.828,0.06416
3.832,0.03603
3.836,0.02983
3.84,0.04509
3.844,0.02032
3.848,0.03232
3.852,0.04245
3.856,0.02931
3.86,0.02789
3.864,0.05311
3.868,0.05767
3.872,0.0454
3.876,0.02452
3.88,0.04499
3.884,0.04118
3.888,0.02029
3.892,0.05359
3.896,0.03713
3.9,0.04255
3.904,0.05421
3.908,0.01791
3.912,0.03924
3.916,0.03996
3.92,0.05387
3.924,0.02567
3.928,0.03643
3.932,0.06142
3.936,0.05794
3.94,0.05476
3.944,0.04944
3.948,0.05339
3.952,0.06212
3.956,0.04286
3.96,0.04149
3.964,0.02456
3.968,0.04624
3.972,0.05159
3.976,0.04216
3.98,0.05198
3.984,0.04263
3.988,0.05527
3.992,0.05392
3.996,0.04679
4.0,0.05105
4.004,0.06636
4.008,0.06303
4.012,0.04746
4.016,0.05138
4.02,0.05842
4.024,0.04572
4.028,0.06938
4.032,0.07398
4.036,0.04983
4.04,0.04645
4.044,0.06042
4.048,0.07931
4.052,0.05673
4.056,0.10497
4.06,0.09805
4.064,0.07378
4.068,0.09434
4.072,0.11563
4.076,0.12566
4.08,0.12689
4.084,0.10919
4.088,0.13232
4.092,0.14734
4.096,0.14428
4.1,0.1254
4.104,0.12189
4.108,0.11166
4.112,0.08663
4.116,0.08026
4.12,0.09539
4.124,0.06364
4.128,0.08586
4.132,0.06761
4.136,0.05348
4.14,0.05945
4.144,0.08124
4.148,0.05657
4.152,0.05372
4.156,0.07744
4.16,0.05131
4.164,0.04088
4.168,0.05282
4.172,0.06534
4.176,0.03882
4.18,0.03445
4.184,0.03776
4.188,0.07659
4.192,0.06575
4.196,0.03919
4.2,0.04115
4.204,0.06825
4.208,0.04353
4.212,0.05343
4.216,0.02804
4.22,-0.0055
4.224,-0.02023
4.228,-0.03832
4.232,0.05509
4.236,0.19041
4.24,0.48952
4.244,0.86739
4.248,1.16262
4.252,1.20281
4.256,0.97255
4.26,0.56603
4.264,0.18036
4.268,-0.04345
4.272,-0.16461
4.276,-0.1672
4.28,-0.1155
4.284,-0.07915
4.288,-0.02318
4.292,0.00188
4.296,0.05157
4.3,0.02811
4.304,0.04909
4.308,0.04755
4.312,0.03847
4.316,0.03544
4.32,0.04256
4.324,0.05286
4.328,0.06151
4.332,0.04537
4.336,0.05175
4.34,0.05303
4.344,0.04789
4.348,0.07421
4.352,0.08978
4.356,0.08145
4.36,0.1083
4.364,0.10729
4.368,0.11494
4.372,0.13291
4.376,0.15225
4.38,0.1825
4.384,0.21573
4.388,0.21894
4.392,0.25705
4.396,0.26864
4.4,0.27341
4.404,0.28443
4.408,0.31592
4.412,0.32162
4.416,0.35338
4.42,0.35877
4.424,0.34188
4.428,0.33583
4.432,0.32478
4.436,0.30101
4.44,0.29679
4.444,0.28842
4.448,0.24978
4.452,0.2596
4.456,0.20219
4.46,0.16226
4.464,0.16248
4.468,0.13848
4.472,0.16227
4.476,0.10182
4.48,0.10941
4.484,0.07333
4.488,0.07212
4.492,0.06089
4.496,0.04343
4.5,0.05617
4.504,0.04424
4.508,0.06067
4.512,0.04297
4.516,0.04821
4.52,0.06151
4.524,0.03739
4.528,0.02964
4.532,0.05554
4.536,0.04681
4.54,0.0462
4.544,0.03035
4.548,0.02962
4.552,0.03291
4.556,0.03801
4.56,0.04534
4.564,0.06275
4.568,0.03938
4.572,0.0401
4.576,0.06264
4.58,0.04505
4.584,0.03782
4.588,0.02399
4.592,0.0181
4.596,0.04932
4.6,0.04713
4.604,0.04585
4.608,0.04386
4.612,0.05111
4.616,0.03913
4.62,0.02847
4.624,0.02667
4.628,0.02133
4.632,0.0324
4.636,0.02852
4.64,0.02736
4.644,0.04217
4.648,0.02677
4.652,0.03241
4.656,0.02872
4.66,0.02646
4.664,0.01726
4.668,0.05232
4.672,0.03033
4.676,0.04063
4.68,0.02481
4.684,0.01599
4.688,0.05233
4.692,0.023
4.696,0.03194
4.7,0.03453
4.704,0.0381
4.708,0.0278
4.712,0.03359
4.716,0.02862
4.72,0.04797
4.724,0.04708
4.728,0.0432
4.732,0.07618
4.736,0.06609
4.74,0.0578
4.744,0.06057
4.748,0.08017
4.752,0.08369
4.756,0.08747
4.76,0.11042
4.764,0.10922
4.768,0.09519
4.772,0.10084
4.776,0.11566
4.78,0.08246
4.784,0.05658
4.788,0.04425
4.792,0.03975
4.796,0.05558
4.8,0.04085
4.804,0.03759
4.808,0.00993
4.812,0.01681
4.816,0.02742
4.82,0.00946
4.824,0.0124
4.828,0.01617
4.832,0.02562
4.836,0.01747
4.84,0.00772
4.844,0.01217
4.848,0.03058
4.852,0.03347
4.856,0.01373
4.86,0.01535
4.864,0.00863
4.868,-0.00416
4.872,0.03797
4.876,0.00816
4.88,0.0176
4.884,-0.01345
4.888,-0.0106
4.892,-0.03981
4.896,-0.05847
4.9,-0.08024
4.904,-0.03835
4.908,0.07306
4.912,0.31887
4.916,0.7062
4.92,1.03231
4.924,1.17563
4.928,1.029
4.932,0.63729
4.936,0.25909
4.94,-0.02314
4.944,-0.18507
4.948,-0.20857
4.952,-0.19713
4.956,-0.18598
4.96,-0.10622
4.964,-0.06229
4.968,-0.03007
4.972,-0.01189
4.976,0.01163
4.98,-0.00962
4.984,-0.01163
4.988,0.00442
4.992,0.00373
4.996,-0.00575
5.0,0.00685
5.004,-0.00209
5.008,0.01102
5.012,0.04195
5.016,0.00884
5.02,0.01855
5.024,0.02282
5.028,0.05556
5.032,0.04467
5.036,0.07049
5.04,0.07714
5.044,0.08041
5.048,0.09281
5.052,0.12881
5.056,0.15795
5.06,0.15902
5.064,0.20783
5.068,0.22675
5.072,0.23514
5.076,0.24263
5.08,0.24412
5.084,0.28798
5.088,0.2658
5.092,0.28777
5.096,0.27491
5.1,0.27319
5.104,0.27405
5.108,0.27871
5.112,0.21739
5.116,0.22164
5.12,0.20203
5.124,0.17842
5.128,0.15319
5.132,0.12773
5.136,0.10598
5.14,0.07873
5.144,0.09487
5.148,0.05339
5.152,0.02905
5.156,0.02838
5.16,0.02088
5.164,0.011
5.168,0.01003
5.172,-0.00657
5.176,-0.00382
5.18,-0.00504
5.184,-0.01317
5.188,-0.00842
5.192,-0.00702
5.196,0.00384
5.2,-0.01777
5.204,-0.01694
5.208,-0.02804
5.212,-0.01798
5.216,-0.00692
5.22,-0.02015
5.224,-0.00037
5.228,-0.00889
5.232,-0.01779
5.236,0.01056
5.24,-0.03295
5.244,-0.02514
5.248,-0.03258
5.252,-0.02266
5.256,-0.02411
5.26,-0.01621
5.264,-0.01262
5.268,-0.02019
5.272,-0.00907
5.276,-0.04633
5.28,-0.04731
5.284,-0.02201
5.288,-0.01675
5.292,-0.03966
5.296,-0.02906
5.3,-0.04531
5.304,-0.024
5.308,-0.00837
5.312,-0.04931
5.316,-0.03805
5.32,-0.01097
5.324,-0.04115
5.328,-0.03371
5.332,-0.04521
5.336,-0.04058
5.34,-0.05232
5.344,-0.02842
5.348,-0.03368
5.352,-0.03133
5.356,-0.04865
5.36,-0.00514
5.364,-0.03693
5.368,-0.02395
5.372,-0.01009
5.376,-0.036
5.38,-0.03374
5.384,-0.04983
5.388,-0.03837
5.392,-0.02455
5.396,-0.02652
5.4,-0.0475
5.404,-0.02836
5.408,-0.05419
5.412,-0.04357
5.416,-0.03858
5.42,-0.02649
5.424,-0.03015
5.428,-0.01722
5.432,-0.02034
5.436,-0.00356
5.44,-0.0225
5.444,-0.00104
5.448,0.01392
5.452,0.0116
5.456,0.05468
5.46,0.03985
5.464,0.04046
5.468,0.04649
5.472,0.03805
5.476,0.03847
5.48,0.05189
5.484,0.03854
5.488,0.02483
5.492,0.00619
5.496,0.00548
5.5,-0.01708
5.504,-0.0169
5.508,-0.02838
5.512,-0.03028
5.516,-0.03404
5.52,-0.04429
5.524,-0.02879
5.528,-0.02841
5.532,-0.04994
5.536,-0.02934
5.54,-0.03755
5.544,-0.03478
5.548,-0.0459
5.552,-0.03944
5.556,-0.06336
5.56,-0.04354
5.564,-0.02561
5.568,-0.02749
5.572,-0.04425
5.576,-0.03954
5.58,-0.06677
5.584,-0.05386
5.588,-0.05799
5.592,-0.04761
5.596,-0.08488
5.6,-0.11291
5.604,-0.14142
5.608,-0.10605
5.612,-0.00198
5.616,0.23242
5.62,0.55567
5.624,0.92905
5.628,1.12739
5.632,1.02393
5.636,0.70642
5.64,0.30602
5.644,-0.0207
5.648,-0.20922
5.652,-0.27022
5.656,-0.27545
5.66,-0.20873
5.664,-0.17657
5.668,-0.12387
5.672,-0.07963
5.676,-0.05295
5.68,-0.03539
5.684,-0.03952
5.688,-0.04932
5.692,-0.01702
5.696,-0.06746
5.7,-0.04364
5.704,-0.05603
5.708,-0.0328
5.712,-0.04953
5.716,-0.05405
5.72,-0.03802
5.724,-0.04568
5.728,-0.02132
5.732,-0.03198
5.736,0.01695
5.74,0.00032
5.744,0.03613
5.748,0.03119
5.752,0.05951
5.756,0.0522
5.76,0.0834
5.764,0.10593
5.768,0.13875
5.772,0.16071
5.776,0.15848
5.78,0.21954
5.784,0.21356
5.788,0.2396
5.792,0.22713
5.796,0.26592
5.8,0.2395
5.804,0.24455
5.808,0.23712
5.812,0.20433
5.816,0.2113
5.82,0.17476
5.824,0.19364
5.828,0.13778
5.832,0.1292
5.836,0.10213
5.84,0.09011
5.844,0.0582
5.848,0.05265
5.852,0.03479
5.856,0.01663
5.86,0.01577
5.864,-0.02075
5.868,-0.02091
5.872,-0.02561
5.876,-0.04212
5.88,-0.037
5.884,-0.0499
5.888,-0.01049
5.892,-0.03498
5.896,-0.0367
5.9,-0.06172
5.904,-0.05671
5.908,-0.06336
5.912,-0.0348
5.916,-0.04867
5.92,-0.06554
5.924,-0.06708
5.928,-0.04346
5.932,-0.05841
5.936,-0.05664
5.94,-0.06164
5.944,-0.04922
5.948,-0.06831
5.952,-0.06006
5.956,-0.03537
5.96,-0.04471
5.964,-0.05381
5.968,-0.03198
5.972,-0.07066
5.976,-0.04337
5.98,-0.08126
5.984,-0.0568
5.988,-0.082
5.992,-0.03601
5.996,-0.03615
6.0,-0.02178
6.004,-0.02476
6.008,-0.0411
6.012,-0.0558
6.016,-0.01509
6.02,-0.0444
6.024,-0.0376
6.028,-0.06961
6.032,-0.03579
6.036,-0.01642
6.04,-0.04752
6.044,-0.06577
6.048,-0.05724
6.052,-0.05432
6.056,-0.04234
6.06,-0.03672
6.064,-0.04906
6.068,-0.05402
6.072,-0.03792
6.076,-0.04188
6.08,-0.02818
6.084,-0.05144
6.088,-0.03192
6.092,-0.05792
6.096,-0.05545
6.1,-0.04523
6.104,-0.01182
6.108,-0.04246
6.112,-0.04682
6.116,-0.03752
6.12,-0.05599
6.124,-0.03009
6.128,-0.02124
6.132,-0.03724
6.136,-0.03374
6.14,-0.03228
6.144,-0.04905
6.148,-0.03656
6.152,-0.0277
6.156,-0.02818
6.16,-0.06413
6.164,-0.05321
6.168,-0.02299
6.172,-0.04274
6.176,-0.02534
6.18,-0.03146
6.184,-0.05046
6.188,-0.0229
6.192,-0.0069
6.196,-0.00017
6.2,0.01358
6.204,0.01561
6.208,0.01724
6.212,0.04491
6.216,0.05838
6.22,0.03331
6.224,0.04333
6.228,0.03465
6.232,0.03945
6.236,0.03714
6.24,0.01063
6.244,-0.00542
6.248,0.00608
6.252,-0.02412
6.256,-0.00841
6.26,-0.04301
6.264,-0.03814
6.268,-0.03998
6.272,-0.02199
6.276,-0.01464
6.28,-0.02658
6.284,-0.04465
6.288,-0.00461
6.292,-0.0532
6.296,-0.02216
6.3,-0.04446
6.304,-0.02995
6.308,-0.02061
6.312,-0.032
6.316,-0.03721
6.32,-0.02401
6.324,-0.02274
6.328,-0.02537
6.332,-0.01197
6.336,-0.03147
6.34,-0.03104
6.344,-0.05697
6.348,-0.05208
6.352,-0.07657
6.356,-0.11591
6.36,-0.11428
6.364,0.00554
6.368,0.22034
6.372,0.54327
6.376,0.90456
6.38,1.13141
6.384,1.06385
6.388,0.72138
6.392,0.33346
6.396,0.00531
6.4,-0.19629
6.404,-0.25283
6.408,-0.23685
6.412,-0.17188
6.416,-0.13203
6.42,-0.08332
6.424,-0.0328
6.428,-0.04026
6.432,-0.01852
6.436,-0.01298
6.44,-0.00926
6.444,-0.00602
6.448,-0.02274
6.452,-0.01919
6.456,-0.03188
6.46,0.00309
6.464,-0.00882
6.468,0.00391
6.472,-0.01046
6.476,-0.01197
6.48,-0.00326
6.484,0.00759
6.488,0.02091
6.492,0.04106
6.496,0.05809
6.5,0.08205
6.504,0.07903
6.508,0.11888
6.512,0.13766
6.516,0.17124
6.52,0.16623
6.524,0.18979
6.528,0.21302
6.532,0.25398
6.536,0.23764
6.54,0.29368
6.544,0.29327
6.548,0.26316
6.552,0.2916
6.556,0.27897
6.56,0.28392
6.564,0.25268
6.568,0.28481
6.572,0.22885
6.576,0.21109
6.58,0.18575
6.584,0.16721
6.588,0.1574
6.592,0.13063
6.596,0.12312
6.6,0.10941
6.604,0.07118
6.608,0.04775
6.612,0.05078
6.616,0.02523
6.62,0.00771
6.624,0.01091
6.628,0.02673
6.632,0.0059
6.636,0.01911
6.64,-0.00028
6.644,0.00783
6.648,-0.01296
6.652,-0.00155
6.656,-0.01395
6.66,0.01133
6.664,0.00555
6.668,0.0245
6.672,0.00302
6.676,-0.01089
6.68,-0.01951
6.684,0.01304
6.688,-0.0015
6.692,0.02381
6.696,0.02608
6.7,0.01339
6.704,-0.00606
6.708,0.02193
6.712,0.01551
6.716,-0.02442
6.72,-0.00551
6.724,-0.00443
6.728,-0.00803
6.732,0.02609
6.736,-0.00734
6.74,0.00471
6.744,0.0191
6.748,0.00367
6.752,0.0158
6.756,0.01072
6.76,-0.00335
6.764,0.01081
6.768,-0.00414
6.772,0.00185
6.776,0.01528
6.78,0.01131
6.784,0.00262
6.788,0.03075
6.792,0.03317
6.796,0.0169
6.8,-0.01456
6.804,0.00571
6.808,0.01595
6.812,1e-05
6.816,0.01867
6.82,0.02046
6.824,0.01593
6.828,0.00268
6.832,0.01725
6.836,0.01991
6.84,0.01803
6.844,0.00213
6.848,0.01712
6.852,0.00987
6.856,0.00863
6.86,0.05549
6.864,0.0218
6.868,0.01073
6.872,-0.00026
6.876,0.03111
6.88,0.01457
6.884,0.02083
6.888,0.0367
6.892,0.02445
6.896,0.0133
6.9,0.03243
6.904,0.02673
6.908,0.02981
6.912,0.02626
6.916,0.02135
6.92,0.05414
6.924,0.04829
6.928,0.0518
6.932,0.03635
6.936,0.09274
6.94,0.08934
6.944,0.09129
6.948,0.0982
6.952,0.10959
6.956,0.0887
6.96,0.15132
6.964,0.10988
6.968,0.10022
6.972,0.1255
6.976,0.06258
6.98,0.07388
6.984,0.04258
6.988,0.04229
6.992,0.04134
6.996,0.03596
7.0,0.04799
7.004,0.04992
7.008,0.03356
7.012,0.05009
7.016,0.05021
7.02,0.02872
7.024,0.02626
7.028,0.02565
7.032,0.04263
7.036,0.04858
7.04,0.02963
7.044,0.03597
7.048,0.03552
7.052,0.02826
7.056,0.02463
7.06,0.04609
7.064,0.02472
7.068,0.0312
7.072,0.00693
7.076,0.03194
7.08,0.01564
7.084,-0.02158
7.088,-0.04677
7.092,-0.05193
7.096,0.00697
7.1,0.12337
7.104,0.40192
7.108,0.77874
7.112,1.10107
7.116,1.20244
7.12,1.02804
7.124,0.64749
7.128,0.21453
7.132,-0.02407
7.136,-0.16319
7.14,-0.20405
7.144,-0.17101
7.148,-0.10961
7.152,-0.05951
7.156,0.02123
7.16,0.02673
7.164,0.01617
7.168,0.07383
7.172,0.03306
7.176,0.02864
7.18,0.02723
7.184,0.03084
7.188,0.04843
7.192,0.0671
7.196,0.03681
7.2,0.05476
7.204,0.08127
7.208,0.06835
7.212,0.05576
7.216,0.06841
7.22,0.08731
7.224,0.10948
7.228,0.10826
7.232,0.12174
7.236,0.13228
7.24,0.13174
7.244,0.15825
7.248,0.2021
7.252,0.23489
7.256,0.22596
7.26,0.28817
7.264,0.29494
7.268,0.29773
7.272,0.30318
7.276,0.32561
7.28,0.3679
7.284,0.34465
7.288,0.35984
7.292,0.34704
7.296,0.32096
7.3,0.30608
7.304,0.31558
7.308,0.265
7.312,0.26757
7.316,0.22631
7.32,0.20948
7.324,0.21374
7.328,0.17234
7.332,0.16667
7.336,0.12288
7.34,0.13001
7.344,0.08807
7.348,0.10079
7.352,0.08846
7.356,0.08118
7.36,0.0715
7.364,0.04303
7.368,0.06548
7.372,0.04875
7.376,0.04003
7.38,0.04174
7.384,0.04941
7.388,0.04246
7.392,0.05064
7.396,0.04924
7.4,0.0581
7.404,0.04368
7.408,0.04063
7.412,0.03595
7.416,0.06302
7.42,0.04859
7.424,0.04251
7.428,0.05885
7.432,0.07
7.436,0.0497
7.44,0.06514
7.444,0.04316
7.448,0.05976
7.452,0.04705
7.456,0.04233
7.46,0.05001
7.464,0.06926
7.468,0.06049
7.472,0.05688
7.476,0.07062
7.48,0.05822
7.484,0.04482
7.488,0.03704
7.492,0.0592
7.496,0.06864
7.5,0.05478
7.504,0.07348
7.508,0.03768
7.512,0.06546
7.516,0.04044
7.52,0.03873
7.524,0.03777
7.528,0.06715
7.532,0.05125
7.536,0.0435
7.54,0.03097
7.544,0.04986
7.548,0.05211
7.552,0.05618
7.556,0.05339
7.56,0.0586
7.564,0.05013
7.568,0.07706
7.572,0.04616
7.576,0.06401
7.58,0.04965
7.584,0.05159
7.588,0.0611
7.592,0.05006
7.596,0.04642
7.6,0.04569
7.604,0.0635
7.608,0.07358
7.612,0.09118
7.616,0.10052
7.62,0.08155
7.624,0.0825
7.628,0.10429
7.632,0.10582
7.636,0.10403
7.64,0.12641
7.644,0.12953
7.648,0.13458
7.652,0.12315
7.656,0.12513
7.66,0.12232
7.664,0.10202
7.668,0.09137
7.672,0.10164
7.676,0.08329
7.68,0.0979
7.684,0.05798
7.688,0.05521
7.692,0.05381
7.696,0.04799
7.7,0.03964
7.704,0.04256
7.708,0.04734
7.712,0.06968
7.716,0.04888
7.72,0.04961
7.724,0.048
7.728,0.04986
7.732,0.03806
7.736,0.03391
7.74,0.04689
7.744,0.03258
7.748,0.03429
7.752,0.04275
7.756,0.05393
7.76,0.06206
7.764,0.03971
7.768,0.05217
7.772,0.01533
7.776,-0.01632
7.78,-0.05837
7.784,-0.02712
7.788,0.04926
7.792,0.24402
7.796,0.54194
7.8,0.91902
7.804,1.18105
7.808,1.17575
7.812,0.90395
7.816,0.49717
7.82,0.12845
7.824,-0.0942
7.828,-0.18948
7.832,-0.19023
7.836,-0.13865
7.84,-0.07452
7.844,-0.02717
7.848,0.01189
7.852,0.02582
7.856,0.04769
7.86,0.06565
7.864,0.03931
7.868,0.03411
7.872,0.0224
7.876,0.0619
7.88,0.06777
7.884,0.04537
7.888,0.05281
7.892,0.06425
7.896,0.07125
7.9,0.04215
7.904,0.04924
7.908,0.07621
7.912,0.07155
7.916,0.07768
7.92,0.09478
7.924,0.13468
7.928,0.12955
7.932,0.1414
7.936,0.16604
7.94,0.181
7.944,0.20297
7.948,0.25809
7.952,0.26127
7.956,0.26668
7.96,0.31614
7.964,0.30875
7.968,0.31059
7.972,0.35264
7.976,0.33917
7.98,0.33193
7.984,0.33454
7.988,0.30954
7.992,0.2856
7.996,0.29207
8.0,0.25768
8.004,0.24635
8.008,0.19711
8.012,0.2016
8.016,0.1617
8.02,0.14055
8.024,0.12261
8.028,0.10585
8.032,0.10909
8.036,0.08237
8.04,0.07045
8.044,0.05988
8.048,0.03659
8.052,0.05703
8.056,0.04777
8.06,0.05403
8.064,0.03126
8.068,0.04669
8.072,0.02677
8.076,0.04081
8.08,0.02433
8.084,0.02974
8.088,-0.01024
8.092,0.00987
8.096,0.02558
8.1,0.01994
8.104,0.00551
8.108,0.01503
8.112,0.01617
8.116,0.01724
8.12,0.01626
8.124,0.01971
8.128,0.02134
8.132,0.01482
8.136,0.01121
8.14,0.01163
8.144,0.01361
8.148,0.01173
8.152,0.01771
8.156,0.0163
8.16,0.03972
8.164,0.02594
8.168,0.00578
8.172,0.03725
8.176,-0.00921
8.18,-0.00033
8.184,0.01756
8.188,-0.00423
8.192,0.01294
8.196,-0.00416
8.2,0.02926
8.204,0.02724
8.208,0.01348
8.212,-0.00834
8.216,0.02719
8.22,0.00973
8.224,0.003
8.228,0.00178
8.232,0.00706
8.236,0.02084
8.24,0.00545
8.244,0.00825
8.248,-0.00342
8.252,-0.00856
8.256,0.00724
8.26,0.02871
8.264,0.01849
8.268,0.02172
8.272,0.01972
8.276,-0.00522
8.28,0.01264
8.284,0.00636
8.288,0.02167
8.292,0.02324
8.296,0.0016
8.3,0.00438
8.304,0.01167
8.308,-0.00157
8.312,0.02245
8.316,0.01344
8.32,0.01114
8.324,0.01075
8.328,0.01787
8.332,0.02237
8.336,0.00825
8.34,-0.00782
8.344,0.01956
8.348,-0.00354
8.352,0.00871
8.356,-0.00801
8.36,0.01341
8.364,-0.00226
8.368,0.02958
8.372,0.04355
8.376,0.05769
8.38,0.05981
8.384,0.07361
8.388,0.09986
8.392,0.05928
8.396,0.07168
8.4,0.06222
8.404,0.0957
8.408,0.06291
8.412,0.06917
8.416,0.05322
8.42,0.02758
8.424,0.05985
8.428,0.02496
8.432,0.02493
8.436,0.01548
8.44,-0.00102
8.444,-0.0187
8.448,0.00693
8.452,-0.00073
8.456,-0.02923
8.46,-0.00988
8.464,-0.01002
8.468,-0.01371
8.472,-0.0124
8.476,-0.02538
8.48,-0.00717
8.484,-0.02301
8.488,-0.01885
8.492,-0.02244
8.496,-0.03095
8.5,-0.02377
8.504,-0.01919
8.508,-0.0089
8.512,-0.02112
8.516,-0.0179
8.52,-0.02463
8.524,-0.0438
8.528,-0.07379
8.532,-0.11439
8.536,-0.09487
8.54,-0.00718
8.544,0.15027
8.548,0.47216
8.552,0.8346
8.556,1.13892
8.56,1.11804
8.564,0.8301
8.568,0.41147
8.572,0.07816
8.576,-0.16026
8.58,-0.24987
8.584,-0.27579
8.588,-0.21252
8.592,-0.13189
8.596,-0.10494
8.6,-0.06033
8.604,-0.05444
8.608,-0.0402
8.612,-0.00593
8.616,-0.03548
8.62,-0.01591
8.624,-0.02045
8.628,-0.01262
8.632,-0.00691
8.636,-0.00882
8.64,-0.00599
8.644,-0.02311
8.648,-0.00877
8.652,0.00142
8.656,-0.01224
8.66,0.02085
8.664,0.02078
8.668,0.03495
8.672,0.02602
8.676,0.03631
8.68,0.06319
8.684,0.09127
8.688,0.10026
8.692,0.12563
8.696,0.14335
8.7,0.16749
8.704,0.20478
8.708,0.20646
8.712,0.24452
8.716,0.2627
8.72,0.25227
8.724,0.27332
8.728,0.25948
8.732,0.25606
8.736,0.2635
8.74,0.24931
8.744,0.24203
8.748,0.20722
8.752,0.20579
8.756,0.17839
8.76,0.15208
8.764,0.12861
8.768,0.08239
8.772,0.07751
8.776,0.04188
8.78,0.04558
8.784,0.04125
8.788,0.00037
8.792,-0.01733
8.796,0.00336
8.8,-0.01836
8.804,-0.01674
8.808,-0.01957
8.812,-0.03521
8.816,-0.04232
8.82,-0.0177
8.824,-0.04093
8.828,-0.04584
8.832,-0.04781
8.836,-0.04257
8.84,-0.07455
8.844,-0.04711
8.848,-0.03464
8.852,-0.03958
8.856,-0.02986
8.86,-0.05708
8.864,-0.05564
8.868,-0.03704
8.872,-0.04544
8.876,-0.04983
8.88,-0.04595
8.884,-0.06262
8.888,-0.03601
8.892,-0.04547
8.896,-0.04401
8.9,-0.0446
8.904,-0.05426
8.908,-0.03805
8.912,-0.05345
8.916,-0.03965
8.92,-0.04967
8.924,-0.03691
8.928,-0.051
8.932,-0.04835
8.936,-0.04834
8.94,-0.05118
8.944,-0.05562
8.948,-0.03401
8.952,-0.03578
8.956,-0.05364
8.96,-0.0654
8.964,-0.03321
8.968,-0.06413
8.972,-0.03828
8.976,-0.05661
8.98,-0.05977
8.984,-0.05023
8.988,-0.04384
8.992,-0.03994
8.996,-0.04661
9.0,-0.02754
9.004,-0.04239
9.008,-0.04405
9.012,-0.057
9.016,-0.0383
9.02,-0.06604
9.024,-0.03467
9.028,-0.04619
9.032,-0.03405
9.036,-0.03853
9.04,-0.0532
9.044,-0.05073
9.048,-0.03143
9.052,-0.02529
9.056,-0.03644
9.06,-0.02872
9.064,-0.01781
9.068,-0.00219
9.072,-0.01335
9.076,0.02395
9.08,0.02786
9.084,0.02939
9.088,0.02639
9.092,0.02123
9.096,0.04812
9.1,0.01233
9.104,0.0158
9.108,-0.00307
9.112,-0.00381
9.116,-0.01175
9.12,-0.01489
9.124,-0.00565
9.128,-0.0353
9.132,-0.02229
9.136,-0.03504
9.14,-0.02996
9.144,-0.0661
9.148,-0.04678
9.152,-0.03223
9.156,-0.07539
9.16,-0.04737
9.164,-0.04181
9.168,-0.04926
9.172,-0.04513
9.176,-0.05252
9.18,-0.05248
9.184,-0.0479
9.188,-0.0529
9.192,-0.04792
9.196,-0.05876
9.2,-0.0657
9.204,-0.04694
9.208,-0.05025
9.212,-0.03774
9.216,-0.07255
9.22,-0.09183
9.224,-0.1233
9.228,-0.14412
9.232,-0.1078
9.236,0.0209
9.24,0.2428
9.244,0.58704
9.248,0.92178
9.252,1.13227
9.256,1.01351
9.26,0.66535
9.264,0.24627
9.268,-0.0603
9.272,-0.2259
9.276,-0.27817
9.28,-0.27326
9.284,-0.22644
9.288,-0.17593
9.292,-0.0878
9.296,-0.08503
9.3,-0.0554
9.304,-0.05115
9.308,-0.02397
9.312,-0.06289
9.316,-0.04209
9.32,-0.02868
9.324,-0.05859
9.328,-0.0307
9.332,-0.04186
9.336,-0.05225
9.34,-0.04317
9.344,-0.02201
9.348,-0.0435
9.352,-0.02018
9.356,-0.02057
9.36,-0.01416
9.364,0.01518
9.368,0.01059
9.372,0.04023
9.376,0.04765
9.38,0.07324
9.384,0.08828
9.388,0.11239
9.392,0.15693
9.396,0.16048
9.4,0.1771
9.404,0.20535
9.408,0.21829
9.412,0.23237
9.416,0.23683
9.42,0.26521
9.424,0.24466
9.428,0.24394
9.432,0.23634
9.436,0.22437
9.44,0.21004
9.444,0.19955
9.448,0.18107
9.452,0.15028
9.456,0.13699
9.46,0.12319
9.464,0.09383
9.468,0.04175
9.472,0.04556
9.476,0.03484
9.48,0.01326
9.484,0.00778
9.488,0.0007
9.492,-0.00794
9.496,-0.00882
9.5,0.00256
9.504,-0.03062
9.508,-0.02536
9.512,-0.04034
9.516,-0.03061
9.52,-0.03716
9.524,-0.02568
9.528,-0.07045
9.532,-0.01477
9.536,-0.04302
9.54,-0.0614
9.544,-0.03822
9.548,-0.0313
9.552,-0.02493
9.556,-0.0386
9.56,-0.03488
9.564,-0.03215
9.568,-0.03158
9.572,-0.01825
9.576,-0.0284
9.58,-0.02834
9.584,-0.05263
9.588,-0.04911
9.592,-0.02986
9.596,-0.00654
9.6,-0.04776
9.604,-0.04583
9.608,-0.02207
9.612,-0.02193
9.616,-0.03649
9.62,-0.04465
9.624,-0.03533
9.628,-0.01972
9.632,-0.02997
9.636,-0.02796
9.64,-0.03647
9.644,-0.03395
9.648,-0.02415
9.652,-0.03239
9.656,-0.01521
9.66,-0.028
9.664,-0.03867
9.668,-0.03157
9.672,-0.02368
9.676,-0.01664
9.68,-0.01575
9.684,-0.04627
9.688,-0.03257
9.692,-0.02068
9.696,-0.03312
9.7,-0.03395
9.704,-0.02715
9.708,-0.0188
9.712,-0.03293
9.716,-0.03862
9.72,-0.02069
9.724,-0.03036
9.728,-0.01371
9.732,-0.02657
9.736,-0.03209
9.74,-0.01284
9.744,-0.0021
9.748,-0.02994
9.752,-0.01582
9.756,-0.03197
9.76,-0.02508
9.764,-0.00782
9.768,-0.03089
9.772,-0.03011
9.776,-0.00287
9.78,-0.0298
9.784,-0.02277
9.788,-0.02608
9.792,-0.03072
9.796,-0.0278
9.8,-0.02476
9.804,-0.01687
9.808,-0.03653
9.812,-0.00895
9.816,-0.01915
9.82,-0.00043
9.824,-0.03482
9.828,-0.01598
9.832,-0.0185
9.836,-0.00971
9.84,-0.02118
9.844,-0.02667
9.848,-0.0219
9.852,-0.02588
9.856,-0.03155
9.86,-0.00706
9.864,-0.00316
9.868,-0.02314
9.872,0.01048
9.876,-0.01265
9.88,-0.01021
9.884,-0.00391
9.888,-0.01029
9.892,0.00697
9.896,-0.01687
9.9,0.00526
9.904,-0.02
9.908,-0.02099
9.912,-0.00621
9.916,0.00981
9.92,0.01515
9.924,-0.02776
9.928,-0.00333
9.932,-0.00701
9.936,0.01254
9.94,-0.00374
9.944,0.00257
9.948,-0.00841
9.952,0.00329
9.956,-0.0076
9.96,0.00827
9.964,0.004
9.968,-0.01354
9.972,-0.02216
9.976,0.00807
9.98,-0.01645
9.984,-0.00876
9.988,0.01192
9.992,-0.00892
9.996,0.01967
